id,destination_slug,destination_name,title,description,duration,price,price_formatted,image,category,rating,review_count,images,caracteristicas_servicio,itinerario,incluido,no_incluido,accesibilidad,reservaciones_antelacion
xenotes-tour-4-cenotes,quintana-roo,Quintana Roo,"Xenotes: Tour 4 Cenotes","Explora cuatro cenotes exclusivos a lo largo de la Ruta de los Cenotes y vive una experiencia única en contacto con la naturaleza. Xenotes es el único tour en Cancún que te permite descubrir los cuatro tipos de cenotes naturales: un cenote cristalino semiabierto, uno completamente abierto, un antiguo gran cenote y un cenote azul tipo caverna. Disfruta de emocionantes actividades como rappel guiado, tirolesas, kayak, nado de exploración, así como saltos desde diferentes alturas. Al finalizar, recarga energías con un delicioso picnic incluido y sumérgete en la magia de la selva maya a través de estos impresionantes escenarios naturales.",N/A,6360,"$6,360.00 IVA (16%) Incluido",https://ournexttrip.com.mx/wp-content/uploads/2026/02/Cenotes-1-600x600.jpg,Quintana Roo,0,0,"{""https://ournexttrip.com.mx/wp-content/uploads/2026/02/Cenotes-1-600x600.jpg"",""https://ournexttrip.com.mx/wp-content/uploads/2026/02/Cenotes-1.jpg"",""https://ournexttrip.com.mx/wp-content/uploads/2026/02/Cenotes-2-600x600.jpg"",""https://ournexttrip.com.mx/wp-content/uploads/2026/02/Cenotes-3-600x600.jpg""}","{}","Parada en:

Xcaret, Carretera Chetumal–Puerto Juárez Km 282, Playa del Carmen, 77710, México

Descubre cuatro cenotes exclusivos ubicados en la Ruta de los Cenotes y vive una experiencia inolvidable en plena naturaleza. Xenotes es un tour único en Cancún que te permite conocer los cuatro tipos de cenotes naturales: un cenote cristalino semiabierto, uno abierto, un gran cenote ancestral y un cenote azul tipo caverna. Disfruta de actividades emocionantes como rappel guiado, tirolesas, kayak, nado de exploración acuática y saltos desde distintas alturas. Para recargar energía, se incluye un delicioso picnic. Sumérgete en la esencia de la selva maya y conecta con su entorno natural.

Duración: 5 horas","{""Transportación en viaje redondo con un guía certificado durante todo el tour."",""Visita a los diferentes tipos de cenotes que existen en el mundo."",""Descenso con rappel asistido en Lu’um, un cenote de caverna."",""Tirolesas y saltos de altura en K’áak’, un cenote abierto, y en lik, un cenote antiguo."",""Recorrido en kayak en Ha’, un cenote semiabierto."",""Nado de exploración acuática en Ha’, un cenote semiabierto."",""Bebidas sin alcohol (agua y refresco) y calientes"",""Picnic que incluye: sopa estilo juliana, barra fría de carnes y quesos premium, variedad de panes"",""Agua, Vino y Cerveza"",""Equipo: chaleco salvavidas, visor, equipo de rappel, kayak y llanta."",""Uso de sanitarios, vestidores y toalla."",""Ingreso/entrada: Parque Xcaret""}","{""Todos los impuestos y tasas""}","{""Transporte público cercano""}","Reserva con al menos 34 días de antelación."
vallarta-tacos-mixologia,jalisco,Jalisco,"Vallarta: Tacos & Mixología","Puerto Vallarta, joya del Pacífico mexicano, destaca por su vibrante escena culinaria y su amplia oferta de bebidas artesanales. En este recorrido guiado a pie descubrirá auténticos sabores locales, alejándose de los sitios turísticos convencionales para disfrutar una experiencia de degustación cuidadosamente seleccionada. Saboree tacos recién preparados, postres tradicionales y acompañe a un mixólogo experto que le revelará los secretos detrás de algunos de los cócteles más representativos de la ciudad. El cupo reducido del grupo garantiza una experiencia cercana y personalizada.",N/A,2840,"$2,840.00 IVA (16%) Incluido",https://ournexttrip.com.mx/wp-content/uploads/2026/02/Comida-Vallarta-2-600x600.jpg,Jalisco,0,0,"{""https://ournexttrip.com.mx/wp-content/uploads/2026/02/Comida-Vallarta-2-600x600.jpg"",""https://ournexttrip.com.mx/wp-content/uploads/2026/02/Comida-Vallarta-2.jpg"",""https://ournexttrip.com.mx/wp-content/uploads/2026/02/Comida-Vallarta-1-600x600.jpg"",""https://ournexttrip.com.mx/wp-content/uploads/2026/02/Comida-Vallarta-3-600x600.jpg""}","{}","Puerto Vallarta es famoso por sus playas, pero quienes conocen bien el destino saben que su verdadero encanto también se encuentra en su casco antiguo y en su rica escena gastronómica. En este recorrido guiado a pie, acompañado por un apasionado experto en comida local, explorará algunos de los mejores sitios para comer y beber, desde fondas familiares hasta bares de cócteles tradicionales.

La experiencia inicia en el corazón histórico de Puerto Vallarta, donde realizará la primera de varias paradas cuidadosamente seleccionadas. A lo largo del camino, descubrirá restaurantes auténticos y poco conocidos, mientras su guía comparte historias y el valor cultural de cada platillo que degusta.

Deléitese con un taco de pescado fresco acompañado de un cóctel de mezcal infusionado con pepino o una margarita de jalapeño, continúe hacia un restaurante frente al mar para disfrutar del postre y mucho más. Además, su guía le señalará recomendaciones imperdibles durante el recorrido, brindando a los visitantes primerizos una introducción ideal a la ciudad.

Lazaro Cardenas Park, Venustiano Carranza 146-200, Zona Romántica, Emiliano Zapata, 48380 Puerto Vallarta, Jal., Mexico","{""5 degustaciones de alimentos"",""Guía local"",""6 cócteles Mexicanos""}","{""Propinas"",""Transporte desde y hacia el punto de encuentro.""}","{""Transporte público cercano"",""No se cuenta con acceso para silla de ruedas""}","Reserva con al menos 34 días de antelación."
tour-gastronomico-tacos-michelin-en-bici,cdmx,CDMX,"Tour Gastronómico: Tacos Michelin en Bici (Roma-Condesa)","La experiencia comienza en la Glorieta de Insurgentes, un punto emblemático de la ciudad, donde nos reuniremos para tomar nuestras bicicletas rentadas a través de Parquímetro de la Ciudad de México y dar inicio a un recorrido diseñado para los verdaderos amantes del taco.

Pedalearemos entre Roma Norte y Condesa, dos de los epicentros gastronómicos más vibrantes de la capital, haciendo paradas cuidadosamente seleccionadas para probar tacos recomendados por la Guía Michelin. Desde clásicos ejecutados con técnica impecable hasta sabores que reinterpretan la tradición sin perder su esencia.

Cada parada es una historia: el punto exacto de la carne, la tortilla perfecta, la salsa que lo cambia todo. Visitaremos cuatro taquerías destacadas por Michelin, cada una con una propuesta única y memorable.

Antes de cerrar el recorrido, llegará el quinto taco sorpresa, nuestra recomendación especial: una joya local que, estamos seguros, pronto aparecerá en el radar Michelin.

La experiencia culmina con una michelada tradicional del barrio, acompañada de recomendaciones locales y tips gastronómicos para seguir explorando la ciudad desde el paladar.

Nota importante: No se incluye la visita a la taquería con estrella Michelin, ya que el tiempo de espera suele superar las 2 horas y no aceptan reservaciones.",N/A,1900,"$1,900.00 IVA (16%) Incluido",https://ournexttrip.com.mx/wp-content/uploads/2026/02/1-1-600x600.png,CDMX,0,0,"{""https://ournexttrip.com.mx/wp-content/uploads/2026/02/1-1-600x600.png"",""https://ournexttrip.com.mx/wp-content/uploads/2026/02/1-1.png"",""https://ournexttrip.com.mx/wp-content/uploads/2026/02/1-2-600x600.png"",""https://ournexttrip.com.mx/wp-content/uploads/2026/02/1-3-600x600.png""}","{}","Punto de encuentro

Nos reuniremos en la Glorieta de Insurgentes, donde tomaremos nuestras bicicletas e iniciaremos una experiencia relajada y cercana. Aquí revisaremos bicicletas y cascos, romperemos el hielo y nos prepararemos para pedalear y comer como locales.
Duración: 10 minutos

Primera parada – La Condesa

Comenzamos el recorrido en una taquería reconocida por sus tacos de guisado, verdaderos platillos servidos en tortilla. Recetas caseras, sabores profundos y salsas tradicionales nos introducen al corazón de la cocina mexicana, mientras conocemos la historia detrás de estos tacos tan queridos en la ciudad.
Duración: 30 minutos

Segunda parada – La Condesa

Aquí entramos en un terreno más refinado y sorprendente. Aunque el taco parece sencillo, el sabor es completamente único. Esta parada nos demuestra que, a veces, lo más básico es lo que deja la mayor impresión.
Duración: 30 minutos

Tercera parada – Parque México

Hacemos una pausa en el Parque México para absorber el ambiente del barrio, entender su estilo de vida y conocer algunas historias que definen esta zona. Un momento perfecto para relajarse, observar y conectar con la vida local.
Duración: 10 minutos

Cuarta parada – Colonia Roma

Nos adentramos en uno de los tacos al pastor más memorables del recorrido, con un adobo y una salsa que lo hacen destacar entre cientos. Además del sabor, conocerás la historia detrás de esta taquería y su legado.
Duración: 20 minutos

Paseo gastronómico – Roma Norte

Hacemos una pausa estratégica para caminar y pedalear por la Roma Norte, un barrio bohemio y lleno de contrastes. Compartimos recomendaciones, historia y tips para disfrutar esta zona como un verdadero local.
Duración: 30 minutos

Quinta parada – Roma Norte

Seguimos con más tacos, ahora con una propuesta inspirada en los sabores del norte de México, intensos, bien definidos y distintos a lo que se suele probar en la capital.
Duración: 30 minutos

Cierre de la experiencia

Regresamos al punto de partida para devolver las bicicletas y cerrar la experiencia como se debe: con una michelada tradicional del barrio, muy distinta a las versiones internacionales. Entre risas y recomendaciones personales, compartimos consejos para que sigas explorando la Ciudad de México desde el lado más auténtico.
Duración: 30 minutos","{""Almuerzo (selección de tacos durante el recorrido)"",""Uso de bicicleta (rentada a través de Parquímetro de la Ciudad de México)"",""La Condesa"",""Colonia Roma""}","{""Comida adicional, artículos fuera del menú preestablecido o bebidas extra no contempladas en la experiencia.""}","{""No es apto para silla de ruedas"",""Transporte público cercano""}","undefined"
tacos-y-tequila-cabo-local,baja-california-sur,Baja California Sur,"Tacos y Tequila: Cabo Local","Los fanáticos de la gastronomía y quienes visitan Cabo San Lucas por primera vez disfrutarán especialmente de este recorrido guiado a pie por el centro de la ciudad. A lo largo del trayecto, descubrirá reconocidos locales y rincones culinarios poco conocidos que difícilmente encontraría por su cuenta, mientras degusta una variedad de sabores tradicionales. La experiencia incluye desde tacos y tostadas hasta elote, churros y, por supuesto, tequila.",N/A,3200,"$3,200.00 IVA (16%) Incluido",https://ournexttrip.com.mx/wp-content/uploads/2026/02/comica-cabo-1-600x600.jpg,Baja California Sur,0,0,"{""https://ournexttrip.com.mx/wp-content/uploads/2026/02/comica-cabo-1-600x600.jpg"",""https://ournexttrip.com.mx/wp-content/uploads/2026/02/comica-cabo-1.jpg"",""https://ournexttrip.com.mx/wp-content/uploads/2026/02/comica-cabo-2-600x600.jpg"",""https://ournexttrip.com.mx/wp-content/uploads/2026/02/comica-cabo-3-600x600.jpg""}","{}","Parada inicial: Mercabo Gourmet Street Food

Ubicación: Ignacio Zaragoza, Centro, Ildefonso Green, 23450 Cabo San Lucas, B.C.S., México

La ubicación es fácil de identificar gracias a un letrero con nuestro logotipo visible desde la acera. Aquí se reunirá con su guía y, tras una breve bienvenida, dará inicio al recorrido a pie por los barrios tradicionales del centro de Cabo San Lucas, enfocado en tacos y gastronomía local.

Duración: 10 minutos

Recorrido gastronómico por el centro de Cabo San Lucas

Durante el tour, su guía lo acompañará a distintos restaurantes locales, cuidadosamente seleccionados, donde podrá degustar tacos auténticos y otras especialidades que reflejan el verdadero Sabor del Barrio.

Duración: 45 minutos

Degustación de platillos tradicionales

En esta etapa del recorrido, disfrutará de una variedad de tacos, tostadas, tamales, elotes y dulces mexicanos provenientes de establecimientos favoritos de las familias locales, quienes con gusto comparten lo mejor de su cocina tradicional.

Duración: 45 minutos

Visita opcional a una galería de tequila

El tour incluye una parada opcional en una galería de tequila, donde aprenderá sobre el proceso de elaboración y las diferentes categorías de esta emblemática bebida mexicana.

Duración: 15 minutos

Fábrica de tortillas (solo tour matutino)

La versión matutina del recorrido ofrece una visita especial a una fábrica de tortillas, donde tendrá la oportunidad de probar una tortilla recién hecha.

Duración: 10 minutos

Parada final:

Mercabo Gourmet Street Food

De regreso en Mercabo Gourmet Street Food, descubrirá un espacio vibrante en el corazón de Cabo San Lucas, donde se combinan café artesanal, pan recién horneado en horno de barro, eventos culturales, música en vivo, sesiones de yoga y, por supuesto, deliciosos tacos acompañados de salsas tradicionales.

Duración: 20 minutos","{""Agua embotellada"",""Varias degustaciones de comida"",""Guía profesional"",""Información sobre el modo de vida local."",""Información y degustación de tequila""}","{""Bebidas alcohólicas (disponibles para comprar)"",""Propinas""}","{""Transporte público cercano"",""No se cuenta con acceso para silla de ruedas""}","Reserva con al menos 34 días de antelación."
sabores-del-corazon-tour-gastronomico-en-el-centro-historico,cdmx,CDMX,"Sabores del Corazón: Tour Gastronómico en el Centro Histórico","Explora los rincones culinarios de la Ciudad de México a través de un tour en grupos reducidos, creado para descubrir sabores tradicionales que no siempre se encuentran por cuenta propia. De la mano de un guía local, degustarás platillos emblemáticos como chilaquiles de inspiración prehispánica, enchiladas de pollo en mole, tacos dorados y dulces típicos. Al tratarse de una experiencia en grupo pequeño, el recorrido es cercano y personalizado, permitiéndote disfrutar cada parada con atención y contexto cultural.",N/A,1500,"$1,500.00 IVA (16%) Incluido",https://ournexttrip.com.mx/wp-content/uploads/2026/02/3-2-600x600.png,CDMX,0,0,"{""https://ournexttrip.com.mx/wp-content/uploads/2026/02/3-2-600x600.png"",""https://ournexttrip.com.mx/wp-content/uploads/2026/02/3-2.png"",""https://ournexttrip.com.mx/wp-content/uploads/2026/02/3-1-600x600.png"",""https://ournexttrip.com.mx/wp-content/uploads/2026/02/3-3-600x600.png""}","{}","Primera parada

Plaza Pino Suarez 17

Parada: 30 minutos

Segunda parada

República de Uruguay

Parada: 40 minutos

Tercera parada

Templo Mayor Museum

Parada: 30 minutos

Cuarta parada

Bolívar 45 Bazar","{""Chilaquiles estilo azteca o enchiladas de pollo asfixiadas en salsa de mole"",""Tortillas crujientes hechas a mano con tlatoani guacamole o tacos con sabor y tamaño a mano"",""Dulce en la panadería local más popular o picadura de chocolate brillante mexicana artesanal"",""Vaso frío de cerveza local o agua fresca mexicana""}","{""Transporte privado"",""Propinas""}","{""Transporte público cercano""}","Reserva con al menos 34 días de antelación."
sierra-magica-esferas-relojes-y-cascadas-de-puebla,puebla,Puebla,"Sierra Mágica: Esferas, Relojes y Cascadas de Puebla","Descubra la riqueza natural y cultural del estado de Puebla en una excursión de día completo. Comenzaremos en Zacatlán, un encantador Pueblo Mágico famoso por sus huertos frutales, plantaciones de café y paisajes serranos.

Continuaremos hacia Quetzalapán, donde disfrutará de tiempo libre para admirar esta impresionante cascada que se abre paso entre la vegetación, creando un entorno natural ideal para relajarse y conectar con la naturaleza.

La experiencia concluye en Chignahuapán, reconocido por su tradición artesanal y por albergar una de las monumentales esculturas de madera de la Virgen María, símbolo de la identidad cultural y religiosa de la región.",N/A,5290,"$5,290.00 IVA (16%) Incluido",https://ournexttrip.com.mx/wp-content/uploads/2026/02/Zacatlan-2-600x600.jpg,Puebla,0,0,"{""https://ournexttrip.com.mx/wp-content/uploads/2026/02/Zacatlan-2-600x600.jpg"",""https://ournexttrip.com.mx/wp-content/uploads/2026/02/Zacatlan-2.jpg"",""https://ournexttrip.com.mx/wp-content/uploads/2026/02/Zacatlan-3-600x600.jpg"",""https://ournexttrip.com.mx/wp-content/uploads/2026/02/Zacatlan-1-600x600.jpg""}","{}","Parada en:

Cascadas de Quetzalapán
Lázaro Cárdenas, Zacatlán 73300, México

El Salto de Quetzalapán es una de las cascadas más imponentes y visitadas de la región, con una caída aproximada de 100 metros que desciende hacia una poza natural de aguas termales. En la parte superior se encuentra una zona recreativa familiar donde podrá disfrutar, de manera opcional, de actividades de aventura y deportes al aire libre como tirolesa, senderismo, cuerda floja y tiro con arco.

El sitio cuenta además con miradores, cafetería, palapas, áreas para parrilladas, baños y estacionamiento, lo que lo convierte en un espacio ideal para disfrutar del paisaje con comodidad.

Duración: 1 hora

Parada en:

Murales de Zacatlán
Privada Porfirio Díaz 1002, Zacatlán 73310, México

Desde este punto disfrutaremos de una hermosa vista panorámica del Cañón de los Jilgueros, uno de los paisajes naturales más representativos de Zacatlán, ideal para fotografías y para apreciar la belleza serrana de la región.

Duración: 40 minutos

Parada en:

Relojes Centenario
Calle El Nigromante 3, Centro, Zacatlán 73310, México

Fundada en 1993 en honor al relojero y empresario Alberto Olvera Hernández, Relojes Centenario es la primera fábrica de relojes monumentales de América Latina. Aquí conoceremos la historia detrás de piezas emblemáticas como el famoso Reloj Floral ubicado en la plaza principal de Zacatlán.

Durante la visita, podrá recorrer las instalaciones y conocer el proceso completo de fabricación de relojes, desde su diseño hasta las pruebas finales, así como apreciar una colección de objetos que narran la evolución de la medición del tiempo a lo largo de los siglos.

Duración: 45 minutos

Parada en:

Palacio Municipal de Zacatlán
N. Bravo LB, Centro, Col. El Brinco, Zacatlán 73310, Puebla, México

En esta parada nos aseguraremos de que deguste dos de los sabores más representativos de la región: el tradicional pan de Zacatlán y su reconocido vino de manzana, una experiencia imprescindible para conocer la identidad gastronómica del pueblo.

Duración: 1 hora

Parada en:

Chignahuapán
Centro, Chignahuapán, Puebla, México

Conocido como el pueblo navideño por excelencia, Chignahuapán destaca por su vibrante colorido, su tradición artesanal y su atmósfera única. Más de 200 talleres y fábricas producen millones de esferas navideñas cada año, llenando las calles de formas, colores y contrastes que reflejan la alegría de este Pueblo Mágico.

Durante el recorrido podrá apreciar la influencia indígena en su arquitectura religiosa, su singular quiosco de estilo árabe y el encanto de sus calles decoradas con artesanías.

Duración: 45 minutos

Parada en:

Zócalo de Chignahuapán
Chignahuapán, Centro de México y Costa del Golfo

La visita concluye en el Zócalo de Chignahuapán, donde conoceremos la imponente Virgen de la Inmaculada Concepción, la escultura interior más alta de Latinoamérica, con 14 metros de altura. Este símbolo de fe y devoción es uno de los mayores orgullos de la ciudad.

Recorreremos el pintoresco centro histórico, rodeado de edificios coloridos y elementos culturales que reflejan la esencia del lugar, incluyendo la estatua de Capulina, un entrañable homenaje al célebre comediante mexicano. Una experiencia que combina historia, tradición y el encanto auténtico de este Pueblo Mágico.

Duración: 1 hora","{""Experiencia para disfrutar de los sabores únicos de este encantador Pueblo Mágico."",""Conductor y guía"",""Recogida en el hotel"",""Agua embotellada"",""Incluye un trozo de pan artesanal."",""Ingreso/entrada: Cascadas Quetzalapan"",""Ingreso/entrada: Relojes Centenario"",""Ingreso/entrada: Zacatlán"",""Ingreso/entrada: Chignahuapan""}","{""Propinas"",""Almuerzo""}","{""Los niños deben sentarse en las piernas de sus papás o de los adultos que los acompañan""}","Reserva con al menos 34 días de antelación."
tacos-mezcal-inmersion-nocturna-en-la-roma,cdmx,CDMX,"Tacos & Mezcal: Inmersión Nocturna en la Roma","Únete a un colectivo de apasionados de la comida mexicana para descubrir juntos algunos de los mejores tacos y mezcales auténticos de la Ciudad de México. Esta experiencia gastronómica de 3 horas combina sabores, cultura y tradición en una caminata culinaria por la Colonia Roma, uno de los barrios con más historia y movimiento cultural de la ciudad.

En cada parada, tu guía experto compartirá la historia de los tacos y mezcales que probarás, así como sus influencias culturales y la mejor forma de disfrutarlos. ¡Ven con hambre, zapatos cómodos y muchas ganas de explorar!",N/A,2300,"$2,300.00 IVA (16%) Incluido",https://ournexttrip.com.mx/wp-content/uploads/2026/02/2-3-600x600.png,CDMX,0,0,"{""https://ournexttrip.com.mx/wp-content/uploads/2026/02/2-3-600x600.png"",""https://ournexttrip.com.mx/wp-content/uploads/2026/02/2-3.png"",""https://ournexttrip.com.mx/wp-content/uploads/2026/02/2-1-600x600.png"",""https://ournexttrip.com.mx/wp-content/uploads/2026/02/2-2-600x600.png""}","{}","Punto de encuentro

Nos encontraremos en Merida 109, Roma Nte., Ciudad de México, frente a Pizza Franca, donde comenzará la experiencia culinaria. 

Degustación y paseo por Colonia Roma

Durante aproximadamente 3 horas, caminaremos por las calles más representativas de la Colonia Roma, visitando diversos lugares cuidadosamente seleccionados para probar tacos tradicionales acompañados de diferentes mezcales auténticos.

Esta no es una experiencia promedio: es una inmersión auténtica en la comida y bebida mexicanas. Con cada parada, el guía compartirá detalles sobre la elaboración de los tacos y la historia del mezcal, así como su cultura detrás de estos elementos tan emblemáticos de México. 

Punto de finalización

La ruta culmina en C. Orizaba 161, Roma Nte., Ciudad de México, frente a La Nacional, donde se dará por concluida la experiencia.","{""Cena durante el recorrido"",""5 Bebidas alcohólicas (mezcal y otras incluidas)""}","{""Propinas"",""Gastos personales"",""Comidas o bebidas no especificadas""}","{""Transporte público cercano""}","Reserva con al menos 34 días de antelación."
ruta-de-los-sentidos-ex-hacienda-lavanda-y-valquirico,puebla,Puebla,"Ruta de los Sentidos: Ex Hacienda, Lavanda y Val’Quirico","Disfrute de una experiencia privada que reúne múltiples momentos en una sola aventura. Este recorrido combina paisajes naturales con el relajante aroma de los campos de lavanda, invitándole a desconectarse y disfrutar del entorno. A lo largo del camino, el viaje también deleita el paladar con propuestas gastronómicas cuidadosamente seleccionadas.

Exploraremos la Ex Hacienda de Chautla, recorriendo sus senderos boscosos, la capilla, el museo y otros espacios llenos de historia. Continuaremos hacia el Rancho San Martín Lavanda, donde conoceremos el proceso de producción de la lavanda y otras hierbas aromáticas. La experiencia culmina en Val’Quirico, un encantador destino para disfrutar de su oferta de bares y restaurantes en un ambiente único.",N/A,4620,"$4,620.00 IVA (16%) Incluido",https://ournexttrip.com.mx/wp-content/uploads/2026/02/Ex-Hacienda-2-600x600.jpg,Puebla,0,0,"{""https://ournexttrip.com.mx/wp-content/uploads/2026/02/Ex-Hacienda-2-600x600.jpg"",""https://ournexttrip.com.mx/wp-content/uploads/2026/02/Ex-Hacienda-2.jpg"",""https://ournexttrip.com.mx/wp-content/uploads/2026/02/Ex-Hacienda-1-600x600.jpg"",""https://ournexttrip.com.mx/wp-content/uploads/2026/02/Ex-Hacienda-3-600x600.jpg""}","{}","Parada en:

Ex Hacienda de Chautla
Km 4.5 Carretera Federal Puebla–México, San Lucas El Grande, San Martín Texmelucan de Labastida, México

En esta primera parada visitaremos la Ex Hacienda de Chautla, un sitio que fusiona historia, arquitectura y naturaleza en un entorno verdaderamente encantador. Fundada en el siglo XVIII, esta hacienda es reconocida por su emblemático castillo rodeado por un lago de aguas cristalinas, creando un escenario de ensueño ideal para fotografías.

Durante la visita, podrá recorrer sus jardines, caminar por senderos tranquilos y conocer la historia de este importante centro agrícola de la época colonial. La Ex Hacienda de Chautla ofrece el espacio perfecto para relajarse, conectar con la naturaleza y apreciar su valioso legado cultural y arquitectónico.

Duración: 2 horas

Parada en:

Rancho San Martín Lavanda
Carretera Federal México–Puebla km 53.75, Puebla 74100, México

Continuaremos hacia el Rancho San Martín Lavanda, un lugar dedicado al cultivo de lavanda y otras plantas aromáticas, rodeado de paisajes serenos y naturales. Aquí, los campos en flor ofrecen un espectáculo visual y aromático único que invita a la calma y la contemplación.

Además de pasear entre los campos de lavanda, aprenderemos sobre su cultivo, cuidado y distintos usos, así como sobre el proceso de elaboración de productos artesanales. Esta visita es ideal para relajarse, reconectar con la naturaleza y disfrutar de la esencia de la lavanda en un entorno encantador.

Duración: 2 horas

Parada en:

Val’Quirico
Km 2, Carretera a Xoxtla, Nativitas, Municipio de Nativitas 90710, México

La experiencia culmina en Val’Quirico, un pintoresco complejo inspirado en pueblos medievales europeos. Sus calles empedradas, fachadas de piedra y balcones floridos crean una atmósfera única que transporta a otro tiempo y lugar.

Aquí podrá recorrer libremente sus encantadoras calles y disfrutar de su variada oferta gastronómica, con restaurantes que van desde cocina internacional hasta propuestas tradicionales. Val’Quirico es el sitio ideal para pasear con calma, relajarse y capturar momentos inolvidables en un entorno lleno de encanto y sofisticación.","{""Anfitrión / guía turístico."",""Acceso a rancho San Martín Lavanda"",""Taller de jabón de lavanda"",""Incluye una degustación de un delicioso pastel de libra de lavanda maridado con una taza de café en Rancho San Martín de Lavanda."",""Acceso a Val’Quirico."",""Ingreso/entrada: Ex-Hacienda de Chautla"",""Ingreso/entrada: Rancho San Martin Lavanda"",""Ingreso/entrada: Val’Quirico""}","{""Propinas"",""Almuerzo""}","{""Transporte público cercano"",""Los niños deben sentarse en las piernas de sus papás o de los adultos que los acompañan""}","Reserva con al menos 34 días de antelación."
ruta-de-cantinas-legendarias-pulque-pasitas-y-tradicion-poblana,puebla,Puebla,"Ruta de Cantinas Legendarias: Pulque, Pasitas y Tradición Poblana","Descubre Puebla en un recorrido privado de medio día acompañado por un guía Disfrute de un recorrido por algunas de las cantinas más emblemáticas de la ciudad de Puebla y déjese sorprender por los sabores y tradiciones que este destino tiene preparados para usted.",N/A,3900,"$3,900.00 IVA (16%) Incluido",https://ournexttrip.com.mx/wp-content/uploads/2026/02/Puebla-cantinas-3-600x600.jpg,Puebla,0,0,"{""https://ournexttrip.com.mx/wp-content/uploads/2026/02/Puebla-cantinas-3-600x600.jpg"",""https://ournexttrip.com.mx/wp-content/uploads/2026/02/Puebla-cantinas-3.jpg"",""https://ournexttrip.com.mx/wp-content/uploads/2026/02/Puebla-cantinas-2-600x600.jpg"",""https://ournexttrip.com.mx/wp-content/uploads/2026/02/Puebla-cantinas-1-600x600.jpg""}","{}","Parada en:

Calavera Coyote – Pulquería
Calle 3 Oriente 208, Centro, 72000 Heroica Puebla de Zaragoza, Puebla, México

En esta parada podrá degustar el tradicional pulque, conocido como la bebida de los dioses, una bebida ancestral de gran importancia cultural en México, mientras conoce su proceso de elaboración y su significado dentro de la tradición popular.

Duración: 30 minutos

Parada en:

La Pasita
3 Sur 504, Puebla 72000, México

Visitaremos una de las cantinas más emblemáticas y queridas de Puebla, famosa por su historia y por el legendario reto de las 100 pasitas. Aquí degustará la tradicional pasita mientras descubre la historia y anécdotas que han convertido a este lugar en un verdadero ícono de la ciudad.

Duración: 20 minutos

Parada en:

Bar La Terminal
Calle 4 Sur 708, Centro, 72000 Heroica Puebla de Zaragoza, Puebla, México

En esta histórica cantina tendrá la oportunidad de elegir entre dos de sus bebidas más representativas: la sangrita o el vampiro, ambas reconocidas por su sabor y por ser parte esencial de la identidad de este emblemático establecimiento.

Duración: 30 minutos

Parada en:

El Ídolo de México – Centro
Av. 5 Oriente 604, Centro Histórico de Puebla, 72000 Heroica Puebla de Zaragoza, Puebla, México

Cerramos el recorrido en una de las cantinas más populares de la ciudad en la actualidad, donde podrá degustar tres bebidas típicas de la casa y disfrutar del ambiente vibrante que caracteriza a este lugar.

Duración: 30 minutos","{""Bebidas alcohólicas"",""Ingreso/entrada: Puebla""}","{""Propina"",""Servicios no mencionados""}","{""Transporte público cercano""}","Reserva con al menos 34 días de antelación."
puebla-historica-biblioteca-palafoxiana-barroco-y-secretos-de-xanenetla,puebla,Puebla,"Puebla Histórica: Biblioteca Palafoxiana, Barroco y Secretos de Xanenetla","Descubra Puebla en un recorrido privado de medio día acompañado por un guía especializado, quien le llevará a conocer algunos de los monumentos más emblemáticos de la ciudad, así como los enigmáticos túneles subterráneos del barrio de Xanenetla. Durante la experiencia, disfrutará de explicaciones en vivo mientras visita sitios icónicos como la Catedral de Puebla, la Capilla del Rosario y el Fuerte de Loreto, además de adentrarse en los túneles que revelan una faceta poco conocida de la historia de la ciudad.

El tour incluye servicio de recogida y regreso a su hotel, así como transporte en vehículo privado, permitiéndole concentrarse plenamente en disfrutar de los paisajes, la arquitectura y el legado histórico de esta fascinante ciudad mexicana.",N/A,3750,"$3,750.00 IVA (16%) Incluido",https://ournexttrip.com.mx/wp-content/uploads/2026/02/Puebla-tuneles-1-600x600.jpg,Puebla,0,0,"{""https://ournexttrip.com.mx/wp-content/uploads/2026/02/Puebla-tuneles-1-600x600.jpg"",""https://ournexttrip.com.mx/wp-content/uploads/2026/02/Puebla-tuneles-1.jpg"",""https://ournexttrip.com.mx/wp-content/uploads/2026/02/Puebla-tuneles-2-600x600.jpg"",""https://ournexttrip.com.mx/wp-content/uploads/2026/02/Puebla-tuneles-3-600x600.jpg""}","{}","Parada en:

Biblioteca Palafoxiana
Av. 5 Oriente 5, Centro Histórico, Puebla 72000, México

Visitaremos la Biblioteca Palafoxiana, ubicada en el corazón del Centro Histórico de Puebla y considerada la primera biblioteca pública de América. Fundada en 1646 por el obispo Juan de Palafox y Mendoza, resguarda una valiosa colección de más de 45,000 libros y manuscritos antiguos que datan de los siglos XV al XIX, abarcando temas como teología, filosofía, derecho y literatura.

El recinto es también una joya arquitectónica, con estanterías de madera finamente talladas y un altar dedicado a la Virgen de la Sabiduría. Reconocida por la UNESCO como parte del programa Memoria del Mundo, esta visita ofrece un auténtico viaje al pasado en un espacio donde convergen historia, arte y conocimiento.

Duración: 30 minutos

Parada en:

Catedral de Puebla
Calle 16 de Septiembre s/n, Zócalo, Puebla 72000, México

La Catedral de Puebla es uno de los monumentos más representativos de la ciudad y de México. Construida entre los siglos XVI y XVII, destaca por su imponente arquitectura renacentista y barroca, así como por sus majestuosas torres, consideradas entre las más altas de América Latina.

En su interior alberga el altar mayor diseñado por Manuel Tolsá y diversas capillas ricamente decoradas que reflejan la fusión entre arte, fe e historia. Declarada Patrimonio de la Humanidad por la UNESCO, esta visita es esencial para comprender la grandeza arquitectónica y cultural de Puebla.

Duración: 40 minutos

Parada en:

Capilla del Rosario
Templo de Santo Domingo, Avenida 4 Poniente, Centro, Puebla 72000, México

Ubicada dentro del Templo de Santo Domingo, la Capilla del Rosario es considerada una de las máximas expresiones del barroco novohispano y es conocida como la “Octava Maravilla del Mundo”. Construida en el siglo XVII, deslumbra por su exuberante decoración en oro, estuco y Talavera.

Su interior está cargado de simbolismo religioso y artístico, destacando su cúpula que representa el cielo celestial. Cada detalle ha sido cuidadosamente diseñado para inspirar admiración y devoción, convirtiendo esta visita en una experiencia inolvidable.

Duración: 30 minutos

Parada en:

Calle de los Dulces
Av. 6 Oriente 10, Puebla 72000, México

La tradicional Calle de los Dulces, oficialmente conocida como la 6 Oriente, es un referente gastronómico de Puebla. Aquí se concentran tiendas dedicadas a la elaboración y venta de dulces típicos como camotes, tortitas de Santa Clara, muéganos y macarrones poblanos.

Recorrer esta calle es adentrarse en una tradición artesanal llena de sabores, colores e historia. Es el lugar ideal para adquirir recuerdos comestibles y llevarse a casa un auténtico pedazo de Puebla.

Duración: 20 minutos

Parada en:

Barrio del Artista
Calle 8 Norte 410, Puebla 72000, México

El Barrio del Artista es un espacio bohemio y lleno de vida donde la creatividad se manifiesta en cada rincón. Fundado en la década de 1940, alberga talleres y galerías donde artistas locales trabajan y exhiben sus obras en tiempo real.

Rodeado de calles empedradas y plazas acogedoras, este barrio ofrece una atmósfera cultural única, ideal para admirar pinturas, esculturas y otras expresiones artísticas, así como para disfrutar de cafeterías y restaurantes con encanto local.

Duración: 15 minutos

Parada en:

Mercado El Parián
Calle 6 Norte 205, Puebla 72000, México

El Mercado El Parián, ubicado en el tradicional Barrio de los Sapos, es uno de los mejores lugares para descubrir la artesanía poblana. En este colorido mercado encontrará piezas de Talavera, textiles bordados, figuras de barro, juguetes tradicionales y una gran variedad de productos artesanales.

Además de sus compras, podrá interactuar con artesanos locales y conocer de cerca las técnicas tradicionales que dan identidad a la región. Una parada ideal para llevar recuerdos auténticos hechos a mano.

Duración: 15 minutos

Parada en:

Túneles de Puebla (Xanenetla)
Puebla, México

Actualmente cerrados hasta nuevo aviso debido a filtraciones de agua; la visita se realiza únicamente desde el exterior.

Los túneles de Xanenetla representan uno de los secretos mejor guardados de Puebla. Este sistema subterráneo, descubierto recientemente, conecta distintos puntos estratégicos de la ciudad y se cree que fue utilizado durante la época colonial y la Revolución Mexicana con fines defensivos y de transporte.

Desde el exterior, conoceremos su historia, leyendas y relevancia en el desarrollo urbano de Puebla, explorando una faceta poco conocida y misteriosa de la ciudad.

Duración: 30 minutos

Parada en:

Fuertes de Loreto y Guadalupe
Av. Ejército de Oriente s/n, Puebla 72290, México

Los Fuertes de Loreto y Guadalupe se encuentran en la cima del Cerro de Acueyametepec y son símbolos fundamentales de la historia de Puebla y de México. En este sitio se libró la histórica Batalla del 5 de Mayo de 1862, donde el ejército mexicano derrotó a las fuerzas francesas.

Actualmente, los fuertes albergan museos y espacios culturales que narran estos acontecimientos, además de ofrecer espectaculares vistas panorámicas de la ciudad. Esta visita permite comprender la importancia histórica del lugar y su impacto en la identidad nacional.

Duración: 30 minutos","{""Anfitrión / guía turístico."",""Transporte privado"",""Agua embotellada"",""Acceso a la Biblioteca Palafoxiana."",""Acceso a la Capilla del Rosario."",""Acceso a los túneles de Xanenetla."",""Incluye una degustación de la tradicional tortita de canta clara y camote."",""Ingreso/entrada: Biblioteca Palafoxiana"",""Ingreso/entrada: Capilla del Rosario"",""Ingreso/entrada: Túneles de Puebla""}","{""Comida y bebida"",""Propinas""}","{""Los niños deben sentarse en las piernas de sus papás o de los adultos que los acompañan"",""Transporte público cercano""}","Reserva con al menos 34 días de antelación."
